START DATE,START TIME,START TIME ET,SUBJECT,LOCATION,DESCRIPTION,END DATE,END DATE ET,END TIME,END TIME ET,REMINDER OFF,REMINDER ON,REMINDER DATE,REMINDER TIME,REMINDER TIME ET,SHOWTIMEAS FREE,SHOWTIMEAS BUSY
02/20/25,01:05 PM,03:05 PM,Cubs at Dodgers,Camelback Ranch - Glendale,"Local TV: SportsNet LA- MLBN (out-of-market only) ----- Local Radio: Dodgers Radio AM570- KTNQ 1020",02/20/25,02/20/25,04:05 PM,06:05 PM,FALSE,TRUE,02/20/25,12:05 PM,02:05 PM,FREE,BUSY
02/21/25,12:05 PM,03:05 PM,Dodgers at Cubs,Sloan Park - Mesa,"Local TV: SportsNet LA ----- Local Radio: Dodgers Radio AM570- KTNQ 1020",02/21/25,02/21/25,03:05 PM,06:05 PM,FALSE,TRUE,02/21/25,11:05 AM,02:05 PM,FREE,BUSY
02/22/25,01:05 PM,03:05 PM,Royals at Dodgers,Camelback Ranch - Glendale,"Local TV: SportsNet LA ----- Local Radio: Dodgers Radio AM570- KTNQ 1020",02/22/25,02/22/25,04:05 PM,06:05 PM,FALSE,TRUE,02/22/25,12:05 PM,02:05 PM,FREE,BUSY
02/23/25,01:05 PM,03:05 PM,Padres at Dodgers,Camelback Ranch - Glendale,"Local TV: SportsNet LA ----- Local Radio: KTNQ 1020",02/23/25,02/23/25,04:05 PM,06:05 PM,FALSE,TRUE,02/23/25,12:05 PM,02:05 PM,FREE,BUSY
02/24/25,12:05 PM,03:05 PM,Dodgers at Reds,Goodyear Ballpark - Goodyear,"Local TV: SportsNet LA ----- Local Radio: KTNQ 1020",02/24/25,02/24/25,03:05 PM,06:05 PM,FALSE,TRUE,02/24/25,11:05 AM,02:05 PM,FREE,BUSY
02/25/25,01:05 PM,03:05 PM,Mariners at Dodgers,Camelback Ranch - Glendale,"Local TV: SportsNet LA ----- Local Radio: Dodgers Radio AM570",02/25/25,02/25/25,04:05 PM,06:05 PM,FALSE,TRUE,02/25/25,12:05 PM,02:05 PM,FREE,BUSY
02/26/25,12:10 PM,03:10 PM,Dodgers at Brewers,American Family Fields of Phoenix - Phoenix,"Local TV: SportsNet LA",02/26/25,02/26/25,03:10 PM,06:10 PM,FALSE,TRUE,02/26/25,11:10 AM,02:10 PM,FREE,BUSY
02/27/25,12:10 PM,03:10 PM,Dodgers at Rockies,Salt River Fields at Talking Stick - Scottsdale,"Local TV: SportsNet LA ----- Local Radio: Dodgers Radio AM570",02/27/25,02/27/25,03:10 PM,06:10 PM,FALSE,TRUE,02/27/25,11:10 AM,02:10 PM,FREE,BUSY
02/28/25,06:05 PM,08:05 PM,Angels at Dodgers,Camelback Ranch - Glendale,"Local TV: SportsNet LA- MLBN (out-of-market only)",02/28/25,02/28/25,09:05 PM,11:05 PM,FALSE,TRUE,02/28/25,05:05 PM,07:05 PM,FREE,BUSY
03/01/25,01:05 PM,03:05 PM,Giants at Dodgers,Camelback Ranch - Glendale,"Local TV: SportsNet LA ----- Local Radio: Dodgers Radio AM570",03/01/25,03/01/25,04:05 PM,06:05 PM,FALSE,TRUE,03/01/25,12:05 PM,02:05 PM,FREE,BUSY
03/02/25,12:05 PM,03:05 PM,Dodgers at Athletics,Hohokam Stadium - Mesa,"Local Radio: Dodgers Radio AM570",03/02/25,03/02/25,03:05 PM,06:05 PM,FALSE,TRUE,03/02/25,11:05 AM,02:05 PM,FREE,BUSY
03/02/25,01:05 PM,03:05 PM,White Sox at Dodgers,Camelback Ranch - Glendale,"Local TV: SportsNet LA",03/02/25,03/02/25,04:05 PM,06:05 PM,FALSE,TRUE,03/02/25,12:05 PM,02:05 PM,FREE,BUSY
03/04/25,06:05 PM,08:05 PM,Reds at Dodgers,Camelback Ranch - Glendale,"Local TV: SportsNet LA- MLBN (out-of-market only) ----- Local Radio: Dodgers Radio AM570",03/04/25,03/04/25,09:05 PM,11:05 PM,FALSE,TRUE,03/04/25,05:05 PM,07:05 PM,FREE,BUSY
03/05/25,12:10 PM,03:10 PM,Dodgers at Angels,Tempe Diablo Stadium - Tempe,"Local TV: SportsNet LA",03/05/25,03/05/25,03:10 PM,06:10 PM,FALSE,TRUE,03/05/25,11:10 AM,02:10 PM,FREE,BUSY
03/06/25,01:05 PM,03:05 PM,Rangers at Dodgers,Camelback Ranch - Glendale,"Local TV: SportsNet LA ----- Local Radio: Dodgers Radio AM570",03/06/25,03/06/25,04:05 PM,06:05 PM,FALSE,TRUE,03/06/25,12:05 PM,02:05 PM,FREE,BUSY
03/07/25,05:40 PM,08:40 PM,Dodgers at Mariners,Peoria Stadium - Peoria,"Local TV: SportsNet LA",03/07/25,03/07/25,08:40 PM,11:40 PM,FALSE,TRUE,03/07/25,04:40 PM,07:40 PM,FREE,BUSY
03/08/25,12:05 PM,03:05 PM,Dodgers at White Sox,Camelback Ranch - Glendale,"Local TV: SportsNet LA",03/08/25,03/08/25,03:05 PM,06:05 PM,FALSE,TRUE,03/08/25,11:05 AM,02:05 PM,FREE,BUSY
03/09/25,01:05 PM,04:05 PM,Athletics at Dodgers,Camelback Ranch - Glendale,"Local TV: SportsNet LA ----- Local Radio: Dodgers Radio AM570",03/09/25,03/09/25,04:05 PM,07:05 PM,FALSE,TRUE,03/09/25,12:05 PM,03:05 PM,FREE,BUSY
03/10/25,01:05 PM,04:05 PM,D-backs at Dodgers,Camelback Ranch - Glendale,"Local TV: SportsNet LA ----- Local Radio: Dodgers Radio AM570",03/10/25,03/10/25,04:05 PM,07:05 PM,FALSE,TRUE,03/10/25,12:05 PM,03:05 PM,FREE,BUSY
03/11/25,01:05 PM,04:05 PM,Guardians at Dodgers,Camelback Ranch - Glendale,"Local TV: SportsNet LA ----- Local Radio: Dodgers Radio AM570",03/11/25,03/11/25,04:05 PM,07:05 PM,FALSE,TRUE,03/11/25,12:05 PM,03:05 PM,FREE,BUSY
03/15/25,03:00 AM,06:00 AM,Dodgers at Giants,Tokyo Dome - Tokyo,"Local TV: SportsNet LA- MLBN (out-of-market only)",03/15/25,03/15/25,06:00 AM,09:00 AM,FALSE,TRUE,03/15/25,02:00 AM,05:00 AM,FREE,BUSY
03/15/25,08:00 PM,11:00 PM,Dodgers at Tigers,Tokyo Dome - Tokyo,"Local TV: SportsNet LA",03/15/25,03/16/25,11:00 PM,02:00 AM,FALSE,TRUE,03/15/25,07:00 PM,10:00 PM,FREE,BUSY
03/18/25,03:10 AM,06:10 AM,Dodgers at Cubs,Tokyo Dome - Tokyo,"",03/18/25,03/18/25,06:10 AM,09:10 AM,FALSE,TRUE,03/18/25,02:10 AM,05:10 AM,FREE,BUSY
03/19/25,03:10 AM,06:10 AM,Dodgers at Cubs,Tokyo Dome - Tokyo,"",03/19/25,03/19/25,06:10 AM,09:10 AM,FALSE,TRUE,03/19/25,02:10 AM,05:10 AM,FREE,BUSY
03/23/25,05:10 PM,08:10 PM,Angels at Dodgers,Dodger Stadium - Los Angeles,"Local TV: SportsNet LA- MLBN (out-of-market only) ----- Local Radio: Dodgers Radio AM570- KTNQ 1020",03/23/25,03/23/25,08:10 PM,11:10 PM,FALSE,TRUE,03/23/25,04:10 PM,07:10 PM,FREE,BUSY
03/24/25,06:07 PM,09:07 PM,Dodgers at Angels,Angel Stadium - Anaheim,"Local TV: SportsNet LA ----- Local Radio: Dodgers Radio AM570- KTNQ 1020",03/24/25,03/25/25,09:07 PM,12:07 AM,FALSE,TRUE,03/24/25,05:07 PM,08:07 PM,FREE,BUSY
03/25/25,06:07 PM,09:07 PM,Dodgers at Angels,Angel Stadium - Anaheim,"Local TV: SportsNet LA ----- Local Radio: Dodgers Radio AM570- KTNQ 1020",03/25/25,03/26/25,09:07 PM,12:07 AM,FALSE,TRUE,03/25/25,05:07 PM,08:07 PM,FREE,BUSY
03/27/25,04:10 PM,07:10 PM,Tigers at Dodgers,Dodger Stadium - Los Angeles,"",03/27/25,03/27/25,07:10 PM,10:10 PM,FALSE,TRUE,03/27/25,03:10 PM,06:10 PM,FREE,BUSY
03/28/25,07:10 PM,10:10 PM,Tigers at Dodgers,Dodger Stadium - Los Angeles,"",03/28/25,03/29/25,10:10 PM,01:10 AM,FALSE,TRUE,03/28/25,06:10 PM,09:10 PM,FREE,BUSY
03/29/25,06:10 PM,09:10 PM,Tigers at Dodgers,Dodger Stadium - Los Angeles,"",03/29/25,03/30/25,09:10 PM,12:10 AM,FALSE,TRUE,03/29/25,05:10 PM,08:10 PM,FREE,BUSY
03/31/25,07:10 PM,10:10 PM,Braves at Dodgers,Dodger Stadium - Los Angeles,"",03/31/25,04/01/25,10:10 PM,01:10 AM,FALSE,TRUE,03/31/25,06:10 PM,09:10 PM,FREE,BUSY
04/01/25,07:10 PM,10:10 PM,Braves at Dodgers,Dodger Stadium - Los Angeles,"",04/01/25,04/02/25,10:10 PM,01:10 AM,FALSE,TRUE,04/01/25,06:10 PM,09:10 PM,FREE,BUSY
04/02/25,05:38 PM,08:38 PM,Braves at Dodgers,Dodger Stadium - Los Angeles,"",04/02/25,04/02/25,08:38 PM,11:38 PM,FALSE,TRUE,04/02/25,04:38 PM,07:38 PM,FREE,BUSY
04/04/25,03:45 PM,06:45 PM,Dodgers at Phillies,Citizens Bank Park - Philadelphia,"",04/04/25,04/04/25,06:45 PM,09:45 PM,FALSE,TRUE,04/04/25,02:45 PM,05:45 PM,FREE,BUSY
04/05/25,01:05 PM,04:05 PM,Dodgers at Phillies,Citizens Bank Park - Philadelphia,"",04/05/25,04/05/25,04:05 PM,07:05 PM,FALSE,TRUE,04/05/25,12:05 PM,03:05 PM,FREE,BUSY
04/06/25,10:35 AM,01:35 PM,Dodgers at Phillies,Citizens Bank Park - Philadelphia,"",04/06/25,04/06/25,01:35 PM,04:35 PM,FALSE,TRUE,04/06/25,09:35 AM,12:35 PM,FREE,BUSY
04/07/25,03:45 PM,06:45 PM,Dodgers at Nationals,Nationals Park - Washington,"",04/07/25,04/07/25,06:45 PM,09:45 PM,FALSE,TRUE,04/07/25,02:45 PM,05:45 PM,FREE,BUSY
04/08/25,03:45 PM,06:45 PM,Dodgers at Nationals,Nationals Park - Washington,"",04/08/25,04/08/25,06:45 PM,09:45 PM,FALSE,TRUE,04/08/25,02:45 PM,05:45 PM,FREE,BUSY
04/09/25,01:05 PM,04:05 PM,Dodgers at Nationals,Nationals Park - Washington,"",04/09/25,04/09/25,04:05 PM,07:05 PM,FALSE,TRUE,04/09/25,12:05 PM,03:05 PM,FREE,BUSY
04/11/25,07:10 PM,10:10 PM,Cubs at Dodgers,Dodger Stadium - Los Angeles,"",04/11/25,04/12/25,10:10 PM,01:10 AM,FALSE,TRUE,04/11/25,06:10 PM,09:10 PM,FREE,BUSY
04/12/25,06:10 PM,09:10 PM,Cubs at Dodgers,Dodger Stadium - Los Angeles,"",04/12/25,04/13/25,09:10 PM,12:10 AM,FALSE,TRUE,04/12/25,05:10 PM,08:10 PM,FREE,BUSY
04/13/25,04:10 PM,07:10 PM,Cubs at Dodgers,Dodger Stadium - Los Angeles,"",04/13/25,04/13/25,07:10 PM,10:10 PM,FALSE,TRUE,04/13/25,03:10 PM,06:10 PM,FREE,BUSY
04/14/25,07:10 PM,10:10 PM,Rockies at Dodgers,Dodger Stadium - Los Angeles,"",04/14/25,04/15/25,10:10 PM,01:10 AM,FALSE,TRUE,04/14/25,06:10 PM,09:10 PM,FREE,BUSY
04/15/25,07:10 PM,10:10 PM,Rockies at Dodgers,Dodger Stadium - Los Angeles,"",04/15/25,04/16/25,10:10 PM,01:10 AM,FALSE,TRUE,04/15/25,06:10 PM,09:10 PM,FREE,BUSY
04/16/25,07:10 PM,10:10 PM,Rockies at Dodgers,Dodger Stadium - Los Angeles,"",04/16/25,04/17/25,10:10 PM,01:10 AM,FALSE,TRUE,04/16/25,06:10 PM,09:10 PM,FREE,BUSY
04/18/25,05:05 PM,08:05 PM,Dodgers at Rangers,Globe Life Field - Arlington,"",04/18/25,04/18/25,08:05 PM,11:05 PM,FALSE,TRUE,04/18/25,04:05 PM,07:05 PM,FREE,BUSY
04/19/25,01:05 PM,04:05 PM,Dodgers at Rangers,Globe Life Field - Arlington,"",04/19/25,04/19/25,04:05 PM,07:05 PM,FALSE,TRUE,04/19/25,12:05 PM,03:05 PM,FREE,BUSY
04/20/25,11:35 AM,02:35 PM,Dodgers at Rangers,Globe Life Field - Arlington,"",04/20/25,04/20/25,02:35 PM,05:35 PM,FALSE,TRUE,04/20/25,10:35 AM,01:35 PM,FREE,BUSY
04/22/25,04:40 PM,07:40 PM,Dodgers at Cubs,Wrigley Field - Chicago,"",04/22/25,04/22/25,07:40 PM,10:40 PM,FALSE,TRUE,04/22/25,03:40 PM,06:40 PM,FREE,BUSY
04/23/25,04:00 PM,07:00 PM,Dodgers at Cubs,Wrigley Field - Chicago,"",04/23/25,04/23/25,07:00 PM,10:00 PM,FALSE,TRUE,04/23/25,03:00 PM,06:00 PM,FREE,BUSY
04/25/25,07:10 PM,10:10 PM,Pirates at Dodgers,Dodger Stadium - Los Angeles,"",04/25/25,04/26/25,10:10 PM,01:10 AM,FALSE,TRUE,04/25/25,06:10 PM,09:10 PM,FREE,BUSY
04/26/25,06:10 PM,09:10 PM,Pirates at Dodgers,Dodger Stadium - Los Angeles,"",04/26/25,04/27/25,09:10 PM,12:10 AM,FALSE,TRUE,04/26/25,05:10 PM,08:10 PM,FREE,BUSY
04/27/25,01:10 PM,04:10 PM,Pirates at Dodgers,Dodger Stadium - Los Angeles,"",04/27/25,04/27/25,04:10 PM,07:10 PM,FALSE,TRUE,04/27/25,12:10 PM,03:10 PM,FREE,BUSY
04/28/25,07:10 PM,10:10 PM,Marlins at Dodgers,Dodger Stadium - Los Angeles,"",04/28/25,04/29/25,10:10 PM,01:10 AM,FALSE,TRUE,04/28/25,06:10 PM,09:10 PM,FREE,BUSY
04/29/25,07:10 PM,10:10 PM,Marlins at Dodgers,Dodger Stadium - Los Angeles,"",04/29/25,04/30/25,10:10 PM,01:10 AM,FALSE,TRUE,04/29/25,06:10 PM,09:10 PM,FREE,BUSY
04/30/25,12:10 PM,03:10 PM,Marlins at Dodgers,Dodger Stadium - Los Angeles,"",04/30/25,04/30/25,03:10 PM,06:10 PM,FALSE,TRUE,04/30/25,11:10 AM,02:10 PM,FREE,BUSY
05/02/25,04:15 PM,07:15 PM,Dodgers at Braves,Truist Park - Atlanta,"",05/02/25,05/02/25,07:15 PM,10:15 PM,FALSE,TRUE,05/02/25,03:15 PM,06:15 PM,FREE,BUSY
05/03/25,04:15 PM,07:15 PM,Dodgers at Braves,Truist Park - Atlanta,"",05/03/25,05/03/25,07:15 PM,10:15 PM,FALSE,TRUE,05/03/25,03:15 PM,06:15 PM,FREE,BUSY
05/04/25,04:10 PM,07:10 PM,Dodgers at Braves,Truist Park - Atlanta,"",05/04/25,05/04/25,07:10 PM,10:10 PM,FALSE,TRUE,05/04/25,03:10 PM,06:10 PM,FREE,BUSY
05/05/25,03:40 PM,06:40 PM,Dodgers at Marlins,loanDepot park - Miami,"",05/05/25,05/05/25,06:40 PM,09:40 PM,FALSE,TRUE,05/05/25,02:40 PM,05:40 PM,FREE,BUSY
05/06/25,03:40 PM,06:40 PM,Dodgers at Marlins,loanDepot park - Miami,"",05/06/25,05/06/25,06:40 PM,09:40 PM,FALSE,TRUE,05/06/25,02:40 PM,05:40 PM,FREE,BUSY
05/07/25,01:40 PM,04:40 PM,Dodgers at Marlins,loanDepot park - Miami,"",05/07/25,05/07/25,04:40 PM,07:40 PM,FALSE,TRUE,05/07/25,12:40 PM,03:40 PM,FREE,BUSY
05/08/25,06:40 PM,09:40 PM,Dodgers at D-backs,Chase Field - Phoenix,"",05/08/25,05/09/25,09:40 PM,12:40 AM,FALSE,TRUE,05/08/25,05:40 PM,08:40 PM,FREE,BUSY
05/09/25,06:40 PM,09:40 PM,Dodgers at D-backs,Chase Field - Phoenix,"",05/09/25,05/10/25,09:40 PM,12:40 AM,FALSE,TRUE,05/09/25,05:40 PM,08:40 PM,FREE,BUSY
05/10/25,05:10 PM,08:10 PM,Dodgers at D-backs,Chase Field - Phoenix,"",05/10/25,05/10/25,08:10 PM,11:10 PM,FALSE,TRUE,05/10/25,04:10 PM,07:10 PM,FREE,BUSY
05/11/25,01:10 PM,04:10 PM,Dodgers at D-backs,Chase Field - Phoenix,"",05/11/25,05/11/25,04:10 PM,07:10 PM,FALSE,TRUE,05/11/25,12:10 PM,03:10 PM,FREE,BUSY
05/13/25,07:10 PM,10:10 PM,Athletics at Dodgers,Dodger Stadium - Los Angeles,"",05/13/25,05/14/25,10:10 PM,01:10 AM,FALSE,TRUE,05/13/25,06:10 PM,09:10 PM,FREE,BUSY
05/14/25,07:10 PM,10:10 PM,Athletics at Dodgers,Dodger Stadium - Los Angeles,"",05/14/25,05/15/25,10:10 PM,01:10 AM,FALSE,TRUE,05/14/25,06:10 PM,09:10 PM,FREE,BUSY
05/15/25,07:10 PM,10:10 PM,Athletics at Dodgers,Dodger Stadium - Los Angeles,"",05/15/25,05/16/25,10:10 PM,01:10 AM,FALSE,TRUE,05/15/25,06:10 PM,09:10 PM,FREE,BUSY
05/16/25,07:10 PM,10:10 PM,Angels at Dodgers,Dodger Stadium - Los Angeles,"",05/16/25,05/17/25,10:10 PM,01:10 AM,FALSE,TRUE,05/16/25,06:10 PM,09:10 PM,FREE,BUSY
05/17/25,06:10 PM,09:10 PM,Angels at Dodgers,Dodger Stadium - Los Angeles,"",05/17/25,05/18/25,09:10 PM,12:10 AM,FALSE,TRUE,05/17/25,05:10 PM,08:10 PM,FREE,BUSY
05/18/25,01:10 PM,04:10 PM,Angels at Dodgers,Dodger Stadium - Los Angeles,"",05/18/25,05/18/25,04:10 PM,07:10 PM,FALSE,TRUE,05/18/25,12:10 PM,03:10 PM,FREE,BUSY
05/19/25,07:10 PM,10:10 PM,D-backs at Dodgers,Dodger Stadium - Los Angeles,"",05/19/25,05/20/25,10:10 PM,01:10 AM,FALSE,TRUE,05/19/25,06:10 PM,09:10 PM,FREE,BUSY
05/20/25,07:10 PM,10:10 PM,D-backs at Dodgers,Dodger Stadium - Los Angeles,"",05/20/25,05/21/25,10:10 PM,01:10 AM,FALSE,TRUE,05/20/25,06:10 PM,09:10 PM,FREE,BUSY
05/21/25,07:10 PM,10:10 PM,D-backs at Dodgers,Dodger Stadium - Los Angeles,"",05/21/25,05/22/25,10:10 PM,01:10 AM,FALSE,TRUE,05/21/25,06:10 PM,09:10 PM,FREE,BUSY
05/23/25,04:10 PM,07:10 PM,Dodgers at Mets,Citi Field - Flushing,"",05/23/25,05/23/25,07:10 PM,10:10 PM,FALSE,TRUE,05/23/25,03:10 PM,06:10 PM,FREE,BUSY
05/24/25,04:15 PM,07:15 PM,Dodgers at Mets,Citi Field - Flushing,"",05/24/25,05/24/25,07:15 PM,10:15 PM,FALSE,TRUE,05/24/25,03:15 PM,06:15 PM,FREE,BUSY
05/25/25,04:10 PM,07:10 PM,Dodgers at Mets,Citi Field - Flushing,"",05/25/25,05/25/25,07:10 PM,10:10 PM,FALSE,TRUE,05/25/25,03:10 PM,06:10 PM,FREE,BUSY
05/26/25,03:10 PM,06:10 PM,Dodgers at Guardians,Progressive Field - Cleveland,"",05/26/25,05/26/25,06:10 PM,09:10 PM,FALSE,TRUE,05/26/25,02:10 PM,05:10 PM,FREE,BUSY
05/27/25,03:10 PM,06:10 PM,Dodgers at Guardians,Progressive Field - Cleveland,"",05/27/25,05/27/25,06:10 PM,09:10 PM,FALSE,TRUE,05/27/25,02:10 PM,05:10 PM,FREE,BUSY
05/28/25,10:10 AM,01:10 PM,Dodgers at Guardians,Progressive Field - Cleveland,"",05/28/25,05/28/25,01:10 PM,04:10 PM,FALSE,TRUE,05/28/25,09:10 AM,12:10 PM,FREE,BUSY
05/30/25,07:10 PM,10:10 PM,Yankees at Dodgers,Dodger Stadium - Los Angeles,"",05/30/25,05/31/25,10:10 PM,01:10 AM,FALSE,TRUE,05/30/25,06:10 PM,09:10 PM,FREE,BUSY
05/31/25,04:15 PM,07:15 PM,Yankees at Dodgers,Dodger Stadium - Los Angeles,"",05/31/25,05/31/25,07:15 PM,10:15 PM,FALSE,TRUE,05/31/25,03:15 PM,06:15 PM,FREE,BUSY
06/01/25,04:10 PM,07:10 PM,Yankees at Dodgers,Dodger Stadium - Los Angeles,"",06/01/25,06/01/25,07:10 PM,10:10 PM,FALSE,TRUE,06/01/25,03:10 PM,06:10 PM,FREE,BUSY
06/02/25,07:10 PM,10:10 PM,Mets at Dodgers,Dodger Stadium - Los Angeles,"",06/02/25,06/03/25,10:10 PM,01:10 AM,FALSE,TRUE,06/02/25,06:10 PM,09:10 PM,FREE,BUSY
06/03/25,07:10 PM,10:10 PM,Mets at Dodgers,Dodger Stadium - Los Angeles,"",06/03/25,06/04/25,10:10 PM,01:10 AM,FALSE,TRUE,06/03/25,06:10 PM,09:10 PM,FREE,BUSY
06/04/25,07:10 PM,10:10 PM,Mets at Dodgers,Dodger Stadium - Los Angeles,"",06/04/25,06/05/25,10:10 PM,01:10 AM,FALSE,TRUE,06/04/25,06:10 PM,09:10 PM,FREE,BUSY
06/05/25,01:10 PM,04:10 PM,Mets at Dodgers,Dodger Stadium - Los Angeles,"",06/05/25,06/05/25,04:10 PM,07:10 PM,FALSE,TRUE,06/05/25,12:10 PM,03:10 PM,FREE,BUSY
06/06/25,05:15 PM,08:15 PM,Dodgers at Cardinals,Busch Stadium - St. Louis,"",06/06/25,06/06/25,08:15 PM,11:15 PM,FALSE,TRUE,06/06/25,04:15 PM,07:15 PM,FREE,BUSY
06/07/25,11:15 AM,02:15 PM,Dodgers at Cardinals,Busch Stadium - St. Louis,"",06/07/25,06/07/25,02:15 PM,05:15 PM,FALSE,TRUE,06/07/25,10:15 AM,01:15 PM,FREE,BUSY
06/08/25,11:15 AM,02:15 PM,Dodgers at Cardinals,Busch Stadium - St. Louis,"",06/08/25,06/08/25,02:15 PM,05:15 PM,FALSE,TRUE,06/08/25,10:15 AM,01:15 PM,FREE,BUSY
06/09/25,06:40 PM,09:40 PM,Dodgers at Padres,Petco Park - San Diego,"",06/09/25,06/10/25,09:40 PM,12:40 AM,FALSE,TRUE,06/09/25,05:40 PM,08:40 PM,FREE,BUSY
06/10/25,06:40 PM,09:40 PM,Dodgers at Padres,Petco Park - San Diego,"",06/10/25,06/11/25,09:40 PM,12:40 AM,FALSE,TRUE,06/10/25,05:40 PM,08:40 PM,FREE,BUSY
06/11/25,01:10 PM,04:10 PM,Dodgers at Padres,Petco Park - San Diego,"",06/11/25,06/11/25,04:10 PM,07:10 PM,FALSE,TRUE,06/11/25,12:10 PM,03:10 PM,FREE,BUSY
06/13/25,07:10 PM,10:10 PM,Giants at Dodgers,Dodger Stadium - Los Angeles,"",06/13/25,06/14/25,10:10 PM,01:10 AM,FALSE,TRUE,06/13/25,06:10 PM,09:10 PM,FREE,BUSY
06/14/25,07:10 PM,10:10 PM,Giants at Dodgers,Dodger Stadium - Los Angeles,"",06/14/25,06/15/25,10:10 PM,01:10 AM,FALSE,TRUE,06/14/25,06:10 PM,09:10 PM,FREE,BUSY
06/15/25,01:10 PM,04:10 PM,Giants at Dodgers,Dodger Stadium - Los Angeles,"",06/15/25,06/15/25,04:10 PM,07:10 PM,FALSE,TRUE,06/15/25,12:10 PM,03:10 PM,FREE,BUSY
06/16/25,07:10 PM,10:10 PM,Padres at Dodgers,Dodger Stadium - Los Angeles,"",06/16/25,06/17/25,10:10 PM,01:10 AM,FALSE,TRUE,06/16/25,06:10 PM,09:10 PM,FREE,BUSY
06/17/25,07:10 PM,10:10 PM,Padres at Dodgers,Dodger Stadium - Los Angeles,"",06/17/25,06/18/25,10:10 PM,01:10 AM,FALSE,TRUE,06/17/25,06:10 PM,09:10 PM,FREE,BUSY
06/18/25,07:10 PM,10:10 PM,Padres at Dodgers,Dodger Stadium - Los Angeles,"",06/18/25,06/19/25,10:10 PM,01:10 AM,FALSE,TRUE,06/18/25,06:10 PM,09:10 PM,FREE,BUSY
06/19/25,07:10 PM,10:10 PM,Padres at Dodgers,Dodger Stadium - Los Angeles,"",06/19/25,06/20/25,10:10 PM,01:10 AM,FALSE,TRUE,06/19/25,06:10 PM,09:10 PM,FREE,BUSY
06/20/25,07:10 PM,10:10 PM,Nationals at Dodgers,Dodger Stadium - Los Angeles,"",06/20/25,06/21/25,10:10 PM,01:10 AM,FALSE,TRUE,06/20/25,06:10 PM,09:10 PM,FREE,BUSY
06/21/25,07:10 PM,10:10 PM,Nationals at Dodgers,Dodger Stadium - Los Angeles,"",06/21/25,06/22/25,10:10 PM,01:10 AM,FALSE,TRUE,06/21/25,06:10 PM,09:10 PM,FREE,BUSY
06/22/25,01:10 PM,04:10 PM,Nationals at Dodgers,Dodger Stadium - Los Angeles,"",06/22/25,06/22/25,04:10 PM,07:10 PM,FALSE,TRUE,06/22/25,12:10 PM,03:10 PM,FREE,BUSY
06/24/25,05:40 PM,08:40 PM,Dodgers at Rockies,Coors Field - Denver,"",06/24/25,06/24/25,08:40 PM,11:40 PM,FALSE,TRUE,06/24/25,04:40 PM,07:40 PM,FREE,BUSY
06/25/25,05:40 PM,08:40 PM,Dodgers at Rockies,Coors Field - Denver,"",06/25/25,06/25/25,08:40 PM,11:40 PM,FALSE,TRUE,06/25/25,04:40 PM,07:40 PM,FREE,BUSY
06/26/25,12:10 PM,03:10 PM,Dodgers at Rockies,Coors Field - Denver,"",06/26/25,06/26/25,03:10 PM,06:10 PM,FALSE,TRUE,06/26/25,11:10 AM,02:10 PM,FREE,BUSY
06/27/25,05:10 PM,08:10 PM,Dodgers at Royals,Kauffman Stadium - Kansas City,"",06/27/25,06/27/25,08:10 PM,11:10 PM,FALSE,TRUE,06/27/25,04:10 PM,07:10 PM,FREE,BUSY
06/28/25,01:10 PM,04:10 PM,Dodgers at Royals,Kauffman Stadium - Kansas City,"",06/28/25,06/28/25,04:10 PM,07:10 PM,FALSE,TRUE,06/28/25,12:10 PM,03:10 PM,FREE,BUSY
06/29/25,11:10 AM,02:10 PM,Dodgers at Royals,Kauffman Stadium - Kansas City,"",06/29/25,06/29/25,02:10 PM,05:10 PM,FALSE,TRUE,06/29/25,10:10 AM,01:10 PM,FREE,BUSY
07/01/25,07:10 PM,10:10 PM,White Sox at Dodgers,Dodger Stadium - Los Angeles,"",07/01/25,07/02/25,10:10 PM,01:10 AM,FALSE,TRUE,07/01/25,06:10 PM,09:10 PM,FREE,BUSY
07/02/25,07:10 PM,10:10 PM,White Sox at Dodgers,Dodger Stadium - Los Angeles,"",07/02/25,07/03/25,10:10 PM,01:10 AM,FALSE,TRUE,07/02/25,06:10 PM,09:10 PM,FREE,BUSY
07/03/25,07:10 PM,10:10 PM,White Sox at Dodgers,Dodger Stadium - Los Angeles,"",07/03/25,07/04/25,10:10 PM,01:10 AM,FALSE,TRUE,07/03/25,06:10 PM,09:10 PM,FREE,BUSY
07/04/25,06:10 PM,09:10 PM,Astros at Dodgers,Dodger Stadium - Los Angeles,"",07/04/25,07/05/25,09:10 PM,12:10 AM,FALSE,TRUE,07/04/25,05:10 PM,08:10 PM,FREE,BUSY
07/05/25,04:15 PM,07:15 PM,Astros at Dodgers,Dodger Stadium - Los Angeles,"",07/05/25,07/05/25,07:15 PM,10:15 PM,FALSE,TRUE,07/05/25,03:15 PM,06:15 PM,FREE,BUSY
07/06/25,01:10 PM,04:10 PM,Astros at Dodgers,Dodger Stadium - Los Angeles,"",07/06/25,07/06/25,04:10 PM,07:10 PM,FALSE,TRUE,07/06/25,12:10 PM,03:10 PM,FREE,BUSY
07/07/25,04:40 PM,07:40 PM,Dodgers at Brewers,American Family Field - Milwaukee,"",07/07/25,07/07/25,07:40 PM,10:40 PM,FALSE,TRUE,07/07/25,03:40 PM,06:40 PM,FREE,BUSY
07/08/25,04:40 PM,07:40 PM,Dodgers at Brewers,American Family Field - Milwaukee,"",07/08/25,07/08/25,07:40 PM,10:40 PM,FALSE,TRUE,07/08/25,03:40 PM,06:40 PM,FREE,BUSY
07/09/25,11:10 AM,02:10 PM,Dodgers at Brewers,American Family Field - Milwaukee,"",07/09/25,07/09/25,02:10 PM,05:10 PM,FALSE,TRUE,07/09/25,10:10 AM,01:10 PM,FREE,BUSY
07/11/25,06:45 PM,09:45 PM,Dodgers at Giants,Oracle Park - San Francisco,"",07/11/25,07/12/25,09:45 PM,12:45 AM,FALSE,TRUE,07/11/25,05:45 PM,08:45 PM,FREE,BUSY
07/12/25,01:05 PM,04:05 PM,Dodgers at Giants,Oracle Park - San Francisco,"",07/12/25,07/12/25,04:05 PM,07:05 PM,FALSE,TRUE,07/12/25,12:05 PM,03:05 PM,FREE,BUSY
07/13/25,01:05 PM,04:05 PM,Dodgers at Giants,Oracle Park - San Francisco,"Local TV: Roku",07/13/25,07/13/25,04:05 PM,07:05 PM,FALSE,TRUE,07/13/25,12:05 PM,03:05 PM,FREE,BUSY
07/18/25,07:10 PM,10:10 PM,Brewers at Dodgers,Dodger Stadium - Los Angeles,"",07/18/25,07/19/25,10:10 PM,01:10 AM,FALSE,TRUE,07/18/25,06:10 PM,09:10 PM,FREE,BUSY
07/19/25,06:10 PM,09:10 PM,Brewers at Dodgers,Dodger Stadium - Los Angeles,"",07/19/25,07/20/25,09:10 PM,12:10 AM,FALSE,TRUE,07/19/25,05:10 PM,08:10 PM,FREE,BUSY
07/20/25,01:10 PM,04:10 PM,Brewers at Dodgers,Dodger Stadium - Los Angeles,"",07/20/25,07/20/25,04:10 PM,07:10 PM,FALSE,TRUE,07/20/25,12:10 PM,03:10 PM,FREE,BUSY
07/21/25,07:10 PM,10:10 PM,Twins at Dodgers,Dodger Stadium - Los Angeles,"",07/21/25,07/22/25,10:10 PM,01:10 AM,FALSE,TRUE,07/21/25,06:10 PM,09:10 PM,FREE,BUSY
07/22/25,07:10 PM,10:10 PM,Twins at Dodgers,Dodger Stadium - Los Angeles,"",07/22/25,07/23/25,10:10 PM,01:10 AM,FALSE,TRUE,07/22/25,06:10 PM,09:10 PM,FREE,BUSY
07/23/25,01:10 PM,04:10 PM,Twins at Dodgers,Dodger Stadium - Los Angeles,"",07/23/25,07/23/25,04:10 PM,07:10 PM,FALSE,TRUE,07/23/25,12:10 PM,03:10 PM,FREE,BUSY
07/25/25,04:10 PM,07:10 PM,Dodgers at Red Sox,Fenway Park - Boston,"",07/25/25,07/25/25,07:10 PM,10:10 PM,FALSE,TRUE,07/25/25,03:10 PM,06:10 PM,FREE,BUSY
07/26/25,04:15 PM,07:15 PM,Dodgers at Red Sox,Fenway Park - Boston,"",07/26/25,07/26/25,07:15 PM,10:15 PM,FALSE,TRUE,07/26/25,03:15 PM,06:15 PM,FREE,BUSY
07/27/25,10:35 AM,01:35 PM,Dodgers at Red Sox,Fenway Park - Boston,"",07/27/25,07/27/25,01:35 PM,04:35 PM,FALSE,TRUE,07/27/25,09:35 AM,12:35 PM,FREE,BUSY
07/28/25,04:10 PM,07:10 PM,Dodgers at Reds,Great American Ball Park - Cincinnati,"",07/28/25,07/28/25,07:10 PM,10:10 PM,FALSE,TRUE,07/28/25,03:10 PM,06:10 PM,FREE,BUSY
07/29/25,04:10 PM,07:10 PM,Dodgers at Reds,Great American Ball Park - Cincinnati,"",07/29/25,07/29/25,07:10 PM,10:10 PM,FALSE,TRUE,07/29/25,03:10 PM,06:10 PM,FREE,BUSY
07/30/25,04:10 PM,07:10 PM,Dodgers at Reds,Great American Ball Park - Cincinnati,"",07/30/25,07/30/25,07:10 PM,10:10 PM,FALSE,TRUE,07/30/25,03:10 PM,06:10 PM,FREE,BUSY
08/01/25,04:35 PM,07:35 PM,Dodgers at Rays,George M. Steinbrenner Field - Tampa,"",08/01/25,08/01/25,07:35 PM,10:35 PM,FALSE,TRUE,08/01/25,03:35 PM,06:35 PM,FREE,BUSY
08/02/25,10:10 AM,01:10 PM,Dodgers at Rays,George M. Steinbrenner Field - Tampa,"",08/02/25,08/02/25,01:10 PM,04:10 PM,FALSE,TRUE,08/02/25,09:10 AM,12:10 PM,FREE,BUSY
08/03/25,09:10 AM,12:10 PM,Dodgers at Rays,George M. Steinbrenner Field - Tampa,"",08/03/25,08/03/25,12:10 PM,03:10 PM,FALSE,TRUE,08/03/25,08:10 AM,11:10 AM,FREE,BUSY
08/04/25,07:10 PM,10:10 PM,Cardinals at Dodgers,Dodger Stadium - Los Angeles,"",08/04/25,08/05/25,10:10 PM,01:10 AM,FALSE,TRUE,08/04/25,06:10 PM,09:10 PM,FREE,BUSY
08/05/25,07:10 PM,10:10 PM,Cardinals at Dodgers,Dodger Stadium - Los Angeles,"",08/05/25,08/06/25,10:10 PM,01:10 AM,FALSE,TRUE,08/05/25,06:10 PM,09:10 PM,FREE,BUSY
08/06/25,01:10 PM,04:10 PM,Cardinals at Dodgers,Dodger Stadium - Los Angeles,"",08/06/25,08/06/25,04:10 PM,07:10 PM,FALSE,TRUE,08/06/25,12:10 PM,03:10 PM,FREE,BUSY
08/08/25,07:10 PM,10:10 PM,Blue Jays at Dodgers,Dodger Stadium - Los Angeles,"",08/08/25,08/09/25,10:10 PM,01:10 AM,FALSE,TRUE,08/08/25,06:10 PM,09:10 PM,FREE,BUSY
08/09/25,06:10 PM,09:10 PM,Blue Jays at Dodgers,Dodger Stadium - Los Angeles,"",08/09/25,08/10/25,09:10 PM,12:10 AM,FALSE,TRUE,08/09/25,05:10 PM,08:10 PM,FREE,BUSY
08/10/25,01:10 PM,04:10 PM,Blue Jays at Dodgers,Dodger Stadium - Los Angeles,"",08/10/25,08/10/25,04:10 PM,07:10 PM,FALSE,TRUE,08/10/25,12:10 PM,03:10 PM,FREE,BUSY
08/11/25,06:38 PM,09:38 PM,Dodgers at Angels,Angel Stadium - Anaheim,"",08/11/25,08/12/25,09:38 PM,12:38 AM,FALSE,TRUE,08/11/25,05:38 PM,08:38 PM,FREE,BUSY
08/12/25,06:38 PM,09:38 PM,Dodgers at Angels,Angel Stadium - Anaheim,"",08/12/25,08/13/25,09:38 PM,12:38 AM,FALSE,TRUE,08/12/25,05:38 PM,08:38 PM,FREE,BUSY
08/13/25,06:38 PM,09:38 PM,Dodgers at Angels,Angel Stadium - Anaheim,"",08/13/25,08/14/25,09:38 PM,12:38 AM,FALSE,TRUE,08/13/25,05:38 PM,08:38 PM,FREE,BUSY
08/15/25,07:10 PM,10:10 PM,Padres at Dodgers,Dodger Stadium - Los Angeles,"",08/15/25,08/16/25,10:10 PM,01:10 AM,FALSE,TRUE,08/15/25,06:10 PM,09:10 PM,FREE,BUSY
08/16/25,06:10 PM,09:10 PM,Padres at Dodgers,Dodger Stadium - Los Angeles,"",08/16/25,08/17/25,09:10 PM,12:10 AM,FALSE,TRUE,08/16/25,05:10 PM,08:10 PM,FREE,BUSY
08/17/25,01:10 PM,04:10 PM,Padres at Dodgers,Dodger Stadium - Los Angeles,"",08/17/25,08/17/25,04:10 PM,07:10 PM,FALSE,TRUE,08/17/25,12:10 PM,03:10 PM,FREE,BUSY
08/18/25,05:40 PM,08:40 PM,Dodgers at Rockies,Coors Field - Denver,"",08/18/25,08/18/25,08:40 PM,11:40 PM,FALSE,TRUE,08/18/25,04:40 PM,07:40 PM,FREE,BUSY
08/19/25,05:40 PM,08:40 PM,Dodgers at Rockies,Coors Field - Denver,"",08/19/25,08/19/25,08:40 PM,11:40 PM,FALSE,TRUE,08/19/25,04:40 PM,07:40 PM,FREE,BUSY
08/20/25,05:40 PM,08:40 PM,Dodgers at Rockies,Coors Field - Denver,"",08/20/25,08/20/25,08:40 PM,11:40 PM,FALSE,TRUE,08/20/25,04:40 PM,07:40 PM,FREE,BUSY
08/21/25,12:10 PM,03:10 PM,Dodgers at Rockies,Coors Field - Denver,"",08/21/25,08/21/25,03:10 PM,06:10 PM,FALSE,TRUE,08/21/25,11:10 AM,02:10 PM,FREE,BUSY
08/22/25,06:40 PM,09:40 PM,Dodgers at Padres,Petco Park - San Diego,"",08/22/25,08/23/25,09:40 PM,12:40 AM,FALSE,TRUE,08/22/25,05:40 PM,08:40 PM,FREE,BUSY
08/23/25,05:40 PM,08:40 PM,Dodgers at Padres,Petco Park - San Diego,"",08/23/25,08/23/25,08:40 PM,11:40 PM,FALSE,TRUE,08/23/25,04:40 PM,07:40 PM,FREE,BUSY
08/24/25,01:10 PM,04:10 PM,Dodgers at Padres,Petco Park - San Diego,"",08/24/25,08/24/25,04:10 PM,07:10 PM,FALSE,TRUE,08/24/25,12:10 PM,03:10 PM,FREE,BUSY
08/25/25,07:10 PM,10:10 PM,Reds at Dodgers,Dodger Stadium - Los Angeles,"",08/25/25,08/26/25,10:10 PM,01:10 AM,FALSE,TRUE,08/25/25,06:10 PM,09:10 PM,FREE,BUSY
08/26/25,07:10 PM,10:10 PM,Reds at Dodgers,Dodger Stadium - Los Angeles,"",08/26/25,08/27/25,10:10 PM,01:10 AM,FALSE,TRUE,08/26/25,06:10 PM,09:10 PM,FREE,BUSY
08/27/25,05:40 PM,08:40 PM,Reds at Dodgers,Dodger Stadium - Los Angeles,"",08/27/25,08/27/25,08:40 PM,11:40 PM,FALSE,TRUE,08/27/25,04:40 PM,07:40 PM,FREE,BUSY
08/29/25,07:10 PM,10:10 PM,D-backs at Dodgers,Dodger Stadium - Los Angeles,"",08/29/25,08/30/25,10:10 PM,01:10 AM,FALSE,TRUE,08/29/25,06:10 PM,09:10 PM,FREE,BUSY
08/30/25,06:10 PM,09:10 PM,D-backs at Dodgers,Dodger Stadium - Los Angeles,"",08/30/25,08/31/25,09:10 PM,12:10 AM,FALSE,TRUE,08/30/25,05:10 PM,08:10 PM,FREE,BUSY
08/31/25,01:10 PM,04:10 PM,D-backs at Dodgers,Dodger Stadium - Los Angeles,"",08/31/25,08/31/25,04:10 PM,07:10 PM,FALSE,TRUE,08/31/25,12:10 PM,03:10 PM,FREE,BUSY
09/02/25,03:40 PM,06:40 PM,Dodgers at Pirates,PNC Park - Pittsburgh,"",09/02/25,09/02/25,06:40 PM,09:40 PM,FALSE,TRUE,09/02/25,02:40 PM,05:40 PM,FREE,BUSY
09/03/25,03:40 PM,06:40 PM,Dodgers at Pirates,PNC Park - Pittsburgh,"",09/03/25,09/03/25,06:40 PM,09:40 PM,FALSE,TRUE,09/03/25,02:40 PM,05:40 PM,FREE,BUSY
09/04/25,03:40 PM,06:40 PM,Dodgers at Pirates,PNC Park - Pittsburgh,"",09/04/25,09/04/25,06:40 PM,09:40 PM,FALSE,TRUE,09/04/25,02:40 PM,05:40 PM,FREE,BUSY
09/05/25,04:05 PM,07:05 PM,Dodgers at Orioles,Oriole Park at Camden Yards - Baltimore,"",09/05/25,09/05/25,07:05 PM,10:05 PM,FALSE,TRUE,09/05/25,03:05 PM,06:05 PM,FREE,BUSY
09/06/25,04:05 PM,07:05 PM,Dodgers at Orioles,Oriole Park at Camden Yards - Baltimore,"",09/06/25,09/06/25,07:05 PM,10:05 PM,FALSE,TRUE,09/06/25,03:05 PM,06:05 PM,FREE,BUSY
09/07/25,10:35 AM,01:35 PM,Dodgers at Orioles,Oriole Park at Camden Yards - Baltimore,"",09/07/25,09/07/25,01:35 PM,04:35 PM,FALSE,TRUE,09/07/25,09:35 AM,12:35 PM,FREE,BUSY
09/08/25,07:10 PM,10:10 PM,Rockies at Dodgers,Dodger Stadium - Los Angeles,"",09/08/25,09/09/25,10:10 PM,01:10 AM,FALSE,TRUE,09/08/25,06:10 PM,09:10 PM,FREE,BUSY
09/09/25,07:10 PM,10:10 PM,Rockies at Dodgers,Dodger Stadium - Los Angeles,"",09/09/25,09/10/25,10:10 PM,01:10 AM,FALSE,TRUE,09/09/25,06:10 PM,09:10 PM,FREE,BUSY
09/10/25,07:10 PM,10:10 PM,Rockies at Dodgers,Dodger Stadium - Los Angeles,"",09/10/25,09/11/25,10:10 PM,01:10 AM,FALSE,TRUE,09/10/25,06:10 PM,09:10 PM,FREE,BUSY
09/12/25,07:15 PM,10:15 PM,Dodgers at Giants,Oracle Park - San Francisco,"",09/12/25,09/13/25,10:15 PM,01:15 AM,FALSE,TRUE,09/12/25,06:15 PM,09:15 PM,FREE,BUSY
09/13/25,06:05 PM,09:05 PM,Dodgers at Giants,Oracle Park - San Francisco,"",09/13/25,09/14/25,09:05 PM,12:05 AM,FALSE,TRUE,09/13/25,05:05 PM,08:05 PM,FREE,BUSY
09/14/25,01:05 PM,04:05 PM,Dodgers at Giants,Oracle Park - San Francisco,"",09/14/25,09/14/25,04:05 PM,07:05 PM,FALSE,TRUE,09/14/25,12:05 PM,03:05 PM,FREE,BUSY
09/15/25,07:10 PM,10:10 PM,Phillies at Dodgers,Dodger Stadium - Los Angeles,"",09/15/25,09/16/25,10:10 PM,01:10 AM,FALSE,TRUE,09/15/25,06:10 PM,09:10 PM,FREE,BUSY
09/16/25,07:10 PM,10:10 PM,Phillies at Dodgers,Dodger Stadium - Los Angeles,"",09/16/25,09/17/25,10:10 PM,01:10 AM,FALSE,TRUE,09/16/25,06:10 PM,09:10 PM,FREE,BUSY
09/17/25,07:10 PM,10:10 PM,Phillies at Dodgers,Dodger Stadium - Los Angeles,"",09/17/25,09/18/25,10:10 PM,01:10 AM,FALSE,TRUE,09/17/25,06:10 PM,09:10 PM,FREE,BUSY
09/18/25,07:10 PM,10:10 PM,Giants at Dodgers,Dodger Stadium - Los Angeles,"",09/18/25,09/19/25,10:10 PM,01:10 AM,FALSE,TRUE,09/18/25,06:10 PM,09:10 PM,FREE,BUSY
09/19/25,07:10 PM,10:10 PM,Giants at Dodgers,Dodger Stadium - Los Angeles,"",09/19/25,09/20/25,10:10 PM,01:10 AM,FALSE,TRUE,09/19/25,06:10 PM,09:10 PM,FREE,BUSY
09/20/25,06:10 PM,09:10 PM,Giants at Dodgers,Dodger Stadium - Los Angeles,"",09/20/25,09/21/25,09:10 PM,12:10 AM,FALSE,TRUE,09/20/25,05:10 PM,08:10 PM,FREE,BUSY
09/21/25,01:10 PM,04:10 PM,Giants at Dodgers,Dodger Stadium - Los Angeles,"",09/21/25,09/21/25,04:10 PM,07:10 PM,FALSE,TRUE,09/21/25,12:10 PM,03:10 PM,FREE,BUSY
09/23/25,06:40 PM,09:40 PM,Dodgers at D-backs,Chase Field - Phoenix,"",09/23/25,09/24/25,09:40 PM,12:40 AM,FALSE,TRUE,09/23/25,05:40 PM,08:40 PM,FREE,BUSY
09/24/25,06:40 PM,09:40 PM,Dodgers at D-backs,Chase Field - Phoenix,"",09/24/25,09/25/25,09:40 PM,12:40 AM,FALSE,TRUE,09/24/25,05:40 PM,08:40 PM,FREE,BUSY
09/25/25,12:40 PM,03:40 PM,Dodgers at D-backs,Chase Field - Phoenix,"",09/25/25,09/25/25,03:40 PM,06:40 PM,FALSE,TRUE,09/25/25,11:40 AM,02:40 PM,FREE,BUSY
09/26/25,06:40 PM,09:40 PM,Dodgers at Mariners,T-Mobile Park - Seattle,"",09/26/25,09/27/25,09:40 PM,12:40 AM,FALSE,TRUE,09/26/25,05:40 PM,08:40 PM,FREE,BUSY
09/27/25,06:40 PM,09:40 PM,Dodgers at Mariners,T-Mobile Park - Seattle,"",09/27/25,09/28/25,09:40 PM,12:40 AM,FALSE,TRUE,09/27/25,05:40 PM,08:40 PM,FREE,BUSY
09/28/25,12:10 PM,03:10 PM,Dodgers at Mariners,T-Mobile Park - Seattle,"",09/28/25,09/28/25,03:10 PM,06:10 PM,FALSE,TRUE,09/28/25,11:10 AM,02:10 PM,FREE,BUSY
